name,region,incomeLevel
Aruba,Latin America & Caribbean ,High income
Africa Eastern and Southern,Aggregates,Aggregates
Afghanistan,"Middle East, North Africa, Afghanistan & Pakistan",Low income
Africa,Aggregates,Aggregates
Africa Western and Central,Aggregates,Aggregates
Angola,Sub-Saharan Africa ,Lower middle income
Albania,Europe & Central Asia,Upper middle income
Andorra,Europe & Central Asia,High income
Arab World,Aggregates,Aggregates
United Arab Emirates,"Middle East, North Africa, Afghanistan & Pakistan",High income
Argentina,Latin America & Caribbean ,Upper middle income
Armenia,Europe & Central Asia,Upper middle income
American Samoa,East Asia & Pacific,High income
Antigua and Barbuda,Latin America & Caribbean ,High income
Australia,East Asia & Pacific,High income
Austria,Europe & Central Asia,High income
Azerbaijan,Europe & Central Asia,Upper middle income
Burundi,Sub-Saharan Africa ,Low income
East Asia & Pacific (IBRD-only countries),Aggregates,Aggregates
Europe & Central Asia (IBRD-only countries),Aggregates,Aggregates
Belgium,Europe & Central Asia,High income
Benin,Sub-Saharan Africa ,Lower middle income
Burkina Faso,Sub-Saharan Africa ,Low income
Bangladesh,South Asia,Lower middle income
Bulgaria,Europe & Central Asia,High income
IBRD countries classified as high income,Aggregates,Aggregates
Bahrain,"Middle East, North Africa, Afghanistan & Pakistan",High income
"Bahamas, The",Latin America & Caribbean ,High income
Bosnia and Herzegovina,Europe & Central Asia,Upper middle income
Latin America & the Caribbean (IBRD-only countries),Aggregates,Aggregates
Belarus,Europe & Central Asia,Upper middle income
Belize,Latin America & Caribbean ,Upper middle income
"Middle East, North Africa, Afghanistan & Pakistan (IBRD only)",Aggregates,Aggregates
Bermuda,North America,High income
Bolivia,Latin America & Caribbean ,Lower middle income
Brazil,Latin America & Caribbean ,Upper middle income
Barbados,Latin America & Caribbean ,High income
Brunei Darussalam,East Asia & Pacific,High income
Sub-Saharan Africa (IBRD-only countries),Aggregates,Aggregates
Bhutan,South Asia,Lower middle income
Botswana,Sub-Saharan Africa ,Upper middle income
Sub-Saharan Africa (IFC classification),Aggregates,Aggregates
Central African Republic,Sub-Saharan Africa ,Low income
Canada,North America,High income
East Asia and the Pacific (IFC classification),Aggregates,Aggregates
Central Europe and the Baltics,Aggregates,Aggregates
Europe and Central Asia (IFC classification),Aggregates,Aggregates
Switzerland,Europe & Central Asia,High income
Channel Islands,Europe & Central Asia,High income
Chile,Latin America & Caribbean ,High income
China,East Asia & Pacific,Upper middle income
Cote d'Ivoire,Sub-Saharan Africa ,Lower middle income
Latin America and the Caribbean (IFC classification),Aggregates,Aggregates
Middle East and North Africa (IFC classification),Aggregates,Aggregates
Cameroon,Sub-Saharan Africa ,Lower middle income
"Congo, Dem. Rep.",Sub-Saharan Africa ,Low income
"Congo, Rep.",Sub-Saharan Africa ,Lower middle income
Colombia,Latin America & Caribbean ,Upper middle income
Comoros,Sub-Saharan Africa ,Lower middle income
Cabo Verde,Sub-Saharan Africa ,Upper middle income
Costa Rica,Latin America & Caribbean ,High income
South Asia (IFC classification),Aggregates,Aggregates
Caribbean small states,Aggregates,Aggregates
Cuba,Latin America & Caribbean ,Upper middle income
Curacao,Latin America & Caribbean ,High income
Cayman Islands,Latin America & Caribbean ,High income
Cyprus,Europe & Central Asia,High income
Czechia,Europe & Central Asia,High income
East Asia & Pacific (IDA-eligible countries),Aggregates,Aggregates
Europe & Central Asia (IDA-eligible countries),Aggregates,Aggregates
Germany,Europe & Central Asia,High income
Djibouti,"Middle East, North Africa, Afghanistan & Pakistan",Lower middle income
Latin America & the Caribbean (IDA-eligible countries),Aggregates,Aggregates
Dominica,Latin America & Caribbean ,Upper middle income
"Middle East, North Africa, Afghanistan & Pakistan (IDA total)",Aggregates,Aggregates
Denmark,Europe & Central Asia,High income
IDA countries in Sub-Saharan Africa not classified as fragile situations ,Aggregates,Aggregates
Dominican Republic,Latin America & Caribbean ,Upper middle income
South Asia (IDA-eligible countries),Aggregates,Aggregates
IDA countries in Sub-Saharan Africa classified as fragile situations ,Aggregates,Aggregates
Sub-Saharan Africa (IDA-eligible countries),Aggregates,Aggregates
Algeria,"Middle East, North Africa, Afghanistan & Pakistan",Upper middle income
East Asia & Pacific (excluding high income),Aggregates,Aggregates
Early-demographic dividend,Aggregates,Aggregates
East Asia & Pacific,Aggregates,Aggregates
Europe & Central Asia (excluding high income),Aggregates,Aggregates
Europe & Central Asia,Aggregates,Aggregates
Ecuador,Latin America & Caribbean ,Upper middle income
"Egypt, Arab Rep.","Middle East, North Africa, Afghanistan & Pakistan",Lower middle income
Euro area,Aggregates,Aggregates
Eritrea,Sub-Saharan Africa ,Low income
Spain,Europe & Central Asia,High income
Estonia,Europe & Central Asia,High income
Ethiopia,Sub-Saharan Africa ,Not classified
European Union,Aggregates,Aggregates
Fragile and conflict affected situations,Aggregates,Aggregates
Finland,Europe & Central Asia,High income
Fiji,East Asia & Pacific,Upper middle income
France,Europe & Central Asia,High income
Faroe Islands,Europe & Central Asia,High income
"Micronesia, Fed. Sts.",East Asia & Pacific,Lower middle income
"IDA countries classified as fragile situations, excluding Sub-Saharan Africa",Aggregates,Aggregates
Gabon,Sub-Saharan Africa ,Upper middle income
United Kingdom,Europe & Central Asia,High income
Georgia,Europe & Central Asia,Upper middle income
Ghana,Sub-Saharan Africa ,Lower middle income
Gibraltar,Europe & Central Asia,High income
Guinea,Sub-Saharan Africa ,Lower middle income
"Gambia, The",Sub-Saharan Africa ,Low income
Guinea-Bissau,Sub-Saharan Africa ,Low income
Equatorial Guinea,Sub-Saharan Africa ,Upper middle income
Greece,Europe & Central Asia,High income
Grenada,Latin America & Caribbean ,Upper middle income
Greenland,Europe & Central Asia,High income
Guatemala,Latin America & Caribbean ,Upper middle income
Guam,East Asia & Pacific,High income
Guyana,Latin America & Caribbean ,High income
High income,Aggregates,Aggregates
"Hong Kong SAR, China",East Asia & Pacific,High income
Honduras,Latin America & Caribbean ,Lower middle income
Heavily indebted poor countries (HIPC),Aggregates,Aggregates
Croatia,Europe & Central Asia,High income
Haiti,Latin America & Caribbean ,Lower middle income
Hungary,Europe & Central Asia,High income
"IBRD, including blend",Aggregates,Aggregates
IBRD only,Aggregates,Aggregates
IDA & IBRD total,Aggregates,Aggregates
IDA total,Aggregates,Aggregates
IDA blend,Aggregates,Aggregates
Indonesia,East Asia & Pacific,Upper middle income
IDA only,Aggregates,Aggregates
Isle of Man,Europe & Central Asia,High income
India,South Asia,Lower middle income
Not classified,Aggregates,Aggregates
Ireland,Europe & Central Asia,High income
"Iran, Islamic Rep.","Middle East, North Africa, Afghanistan & Pakistan",Upper middle income
Iraq,"Middle East, North Africa, Afghanistan & Pakistan",Upper middle income
Iceland,Europe & Central Asia,High income
Israel,"Middle East, North Africa, Afghanistan & Pakistan",High income
Italy,Europe & Central Asia,High income
Jamaica,Latin America & Caribbean ,Upper middle income
Jordan,"Middle East, North Africa, Afghanistan & Pakistan",Lower middle income
Japan,East Asia & Pacific,High income
Kazakhstan,Europe & Central Asia,Upper middle income
Kenya,Sub-Saharan Africa ,Lower middle income
Kyrgyz Republic,Europe & Central Asia,Lower middle income
Cambodia,East Asia & Pacific,Lower middle income
Kiribati,East Asia & Pacific,Lower middle income
St. Kitts and Nevis,Latin America & Caribbean ,High income
"Korea, Rep.",East Asia & Pacific,High income
Kuwait,"Middle East, North Africa, Afghanistan & Pakistan",High income
Latin America & Caribbean (excluding high income),Aggregates,Aggregates
Lao PDR,East Asia & Pacific,Lower middle income
Lebanon,"Middle East, North Africa, Afghanistan & Pakistan",Lower middle income
Liberia,Sub-Saharan Africa ,Low income
Libya,"Middle East, North Africa, Afghanistan & Pakistan",Upper middle income
St. Lucia,Latin America & Caribbean ,Upper middle income
Latin America & Caribbean ,Aggregates,Aggregates
Least developed countries: UN classification,Aggregates,Aggregates
Low income,Aggregates,Aggregates
Liechtenstein,Europe & Central Asia,High income
Sri Lanka,South Asia,Lower middle income
Lower middle income,Aggregates,Aggregates
Low & middle income,Aggregates,Aggregates
Lesotho,Sub-Saharan Africa ,Lower middle income
Late-demographic dividend,Aggregates,Aggregates
Lithuania,Europe & Central Asia,High income
Luxembourg,Europe & Central Asia,High income
Latvia,Europe & Central Asia,High income
"Macao SAR, China",East Asia & Pacific,High income
St. Martin (French part),Latin America & Caribbean ,High income
Morocco,"Middle East, North Africa, Afghanistan & Pakistan",Lower middle income
Monaco,Europe & Central Asia,High income
Moldova,Europe & Central Asia,Upper middle income
Middle East (developing only),Aggregates,Aggregates
Madagascar,Sub-Saharan Africa ,Low income
Maldives,South Asia,Upper middle income
"Middle East, North Africa, Afghanistan & Pakistan",Aggregates,Aggregates
Mexico,Latin America & Caribbean ,Upper middle income
Marshall Islands,East Asia & Pacific,Upper middle income
Middle income,Aggregates,Aggregates
North Macedonia,Europe & Central Asia,Upper middle income
Mali,Sub-Saharan Africa ,Low income
Malta,"Middle East, North Africa, Afghanistan & Pakistan",High income
Myanmar,East Asia & Pacific,Lower middle income
"Middle East, North Africa, Afghanistan & Pakistan (excluding high income)",Aggregates,Aggregates
Montenegro,Europe & Central Asia,Upper middle income
Mongolia,East Asia & Pacific,Upper middle income
Northern Mariana Islands,East Asia & Pacific,High income
Mozambique,Sub-Saharan Africa ,Low income
Mauritania,Sub-Saharan Africa ,Lower middle income
Mauritius,Sub-Saharan Africa ,Upper middle income
Malawi,Sub-Saharan Africa ,Low income
Malaysia,East Asia & Pacific,Upper middle income
North America,Aggregates,Aggregates
North Africa,Aggregates,Aggregates
Namibia,Sub-Saharan Africa ,Lower middle income
New Caledonia,East Asia & Pacific,High income
Niger,Sub-Saharan Africa ,Low income
Nigeria,Sub-Saharan Africa ,Lower middle income
Nicaragua,Latin America & Caribbean ,Lower middle income
Netherlands,Europe & Central Asia,High income
Norway,Europe & Central Asia,High income
Nepal,South Asia,Lower middle income
Non-resource rich Sub-Saharan Africa countries,Aggregates,Aggregates
Nauru,East Asia & Pacific,High income
"IDA countries not classified as fragile situations, excluding Sub-Saharan Africa",Aggregates,Aggregates
New Zealand,East Asia & Pacific,High income
OECD members,Aggregates,Aggregates
Oman,"Middle East, North Africa, Afghanistan & Pakistan",High income
Other small states,Aggregates,Aggregates
Pakistan,"Middle East, North Africa, Afghanistan & Pakistan",Lower middle income
Panama,Latin America & Caribbean ,High income
Peru,Latin America & Caribbean ,Upper middle income
Philippines,East Asia & Pacific,Lower middle income
Palau,East Asia & Pacific,High income
Papua New Guinea,East Asia & Pacific,Lower middle income
Poland,Europe & Central Asia,High income
Pre-demographic dividend,Aggregates,Aggregates
Puerto Rico (US),Latin America & Caribbean ,High income
"Korea, Dem. People's Rep.",East Asia & Pacific,Low income
Portugal,Europe & Central Asia,High income
Paraguay,Latin America & Caribbean ,Upper middle income
West Bank and Gaza,"Middle East, North Africa, Afghanistan & Pakistan",Lower middle income
Pacific island small states,Aggregates,Aggregates
Post-demographic dividend,Aggregates,Aggregates
French Polynesia,East Asia & Pacific,High income
Qatar,"Middle East, North Africa, Afghanistan & Pakistan",High income
Romania,Europe & Central Asia,High income
Resource rich Sub-Saharan Africa countries,Aggregates,Aggregates
Russian Federation,Europe & Central Asia,High income
Rwanda,Sub-Saharan Africa ,Low income
South Asia,Aggregates,Aggregates
Saudi Arabia,"Middle East, North Africa, Afghanistan & Pakistan",High income
Sudan,Sub-Saharan Africa ,Low income
Senegal,Sub-Saharan Africa ,Lower middle income
Singapore,East Asia & Pacific,High income
Solomon Islands,East Asia & Pacific,Lower middle income
Sierra Leone,Sub-Saharan Africa ,Low income
El Salvador,Latin America & Caribbean ,Upper middle income
San Marino,Europe & Central Asia,High income
"Somalia, Fed. Rep.",Sub-Saharan Africa ,Low income
Serbia,Europe & Central Asia,Upper middle income
Sub-Saharan Africa (excluding high income),Aggregates,Aggregates
South Sudan,Sub-Saharan Africa ,Low income
Sub-Saharan Africa ,Aggregates,Aggregates
Small states,Aggregates,Aggregates
Sao Tome and Principe,Sub-Saharan Africa ,Lower middle income
Suriname,Latin America & Caribbean ,Upper middle income
Slovak Republic,Europe & Central Asia,High income
Slovenia,Europe & Central Asia,High income
Sweden,Europe & Central Asia,High income
Eswatini,Sub-Saharan Africa ,Lower middle income
Sint Maarten (Dutch part),Latin America & Caribbean ,High income
Sub-Saharan Africa excluding South Africa,Aggregates,Aggregates
Seychelles,Sub-Saharan Africa ,High income
Syrian Arab Republic,"Middle East, North Africa, Afghanistan & Pakistan",Low income
Turks and Caicos Islands,Latin America & Caribbean ,High income
Chad,Sub-Saharan Africa ,Low income
East Asia & Pacific (IDA & IBRD countries),Aggregates,Aggregates
Europe & Central Asia (IDA & IBRD countries),Aggregates,Aggregates
Togo,Sub-Saharan Africa ,Low income
Thailand,East Asia & Pacific,Upper middle income
Tajikistan,Europe & Central Asia,Lower middle income
Turkmenistan,Europe & Central Asia,Upper middle income
Latin America & the Caribbean (IDA & IBRD countries),Aggregates,Aggregates
Timor-Leste,East Asia & Pacific,Lower middle income
"Middle East, North Africa, Afghanistan & Pakistan (IDA & IBRD)",Aggregates,Aggregates
Tonga,East Asia & Pacific,Upper middle income
South Asia (IDA & IBRD),Aggregates,Aggregates
Sub-Saharan Africa (IDA & IBRD countries),Aggregates,Aggregates
Trinidad and Tobago,Latin America & Caribbean ,High income
Tunisia,"Middle East, North Africa, Afghanistan & Pakistan",Lower middle income
Turkiye,Europe & Central Asia,Upper middle income
Tuvalu,East Asia & Pacific,Upper middle income
Tanzania,Sub-Saharan Africa ,Lower middle income
Uganda,Sub-Saharan Africa ,Low income
Ukraine,Europe & Central Asia,Upper middle income
Upper middle income,Aggregates,Aggregates
Uruguay,Latin America & Caribbean ,High income
United States,North America,High income
Uzbekistan,Europe & Central Asia,Lower middle income
St. Vincent and the Grenadines,Latin America & Caribbean ,Upper middle income
"Venezuela, RB",Latin America & Caribbean ,Not classified
British Virgin Islands,Latin America & Caribbean ,High income
Virgin Islands (U.S.),Latin America & Caribbean ,High income
Viet Nam,East Asia & Pacific,Lower middle income
Vanuatu,East Asia & Pacific,Lower middle income
World,Aggregates,Aggregates
Samoa,East Asia & Pacific,Upper middle income
Kosovo,Europe & Central Asia,Upper middle income
Sub-Saharan Africa excluding South Africa and Nigeria,Aggregates,Aggregates
"Yemen, Rep.","Middle East, North Africa, Afghanistan & Pakistan",Low income
South Africa,Sub-Saharan Africa ,Upper middle income
Zambia,Sub-Saharan Africa ,Lower middle income
Zimbabwe,Sub-Saharan Africa ,Lower middle income
